id_user,username
1,agreene0
2,cjackling1
3,jmacalpin2
4,bludee3
5,rshanklin4
6,mkerne5
7,smardle6
8,asmorthit7
9,dmazzilli8
10,awallman9
11,jtwatta
12,preckb
13,gpantingc
14,athurlbeckd
15,achoakee
16,aperigeauxf
17,jbaldersong
18,ipeakeh
19,ddillandi
20,zhupej
21,tbatchelark
22,acronshawl
23,mstreaderm
24,aklimentyonokn
25,ajurao
26,fmartschkep
27,tcharlonq
28,nvecardr
29,scullinans
30,emacauleyt
31,tduesteru
32,obartolijnv
33,kgrahamw
34,rpadberryx
35,vcroxfordy
36,pwadlowz
37,whubery10
38,khengoed11
39,cmarcum12
40,bluchetti13
41,mseneschal14
42,abaird15
43,jmckane16
44,eswatten17
45,dthaxton18
46,adanser19
47,emcclelland1a
48,mroskams1b
49,dfloyde1c
50,jstirzaker1d
51,callender1e
52,jmcmillan1f
53,vcurtain1g
54,aduthy1h
55,dmurricanes1i
56,odopson1j
57,jeaddy1k
58,kcrinson1l
59,mlinforth1m
60,etwelvetree1n
61,lberkely1o
62,mlivings1p
63,troomes1q
64,adeport1r
65,fhuckleby1s
66,cwaterman1t
67,odukelow1u
68,orayhill1v
69,edwelly1w
70,iconnick1x
71,tmassy1y
72,sbaptista1z
73,ibradden20
74,mwallbrook21
75,rcasserly22
76,mstanbridge23
77,ipennycock24
78,lvergine25
79,bfarmer26
80,abruyet27
81,manning28
82,jthowes29
83,wduker2a
84,bcoxall2b
85,jelegood2c
86,jbaser2d
87,aphettis2e
88,bbrinsden2f
89,kwycliff2g
90,rmeechan2h
91,efawdery2i
92,jshewan2j
93,zjanas2k
94,mjeyes2l
95,rronci2m
96,jgoodger2n
97,jskryne2o
98,wdunkinson2p
99,aokill2q
100,keble2r
101,dgulliver2s
102,kbing2t
103,cgiacovazzo2u
104,cferrarone2v
105,bmcilriach2w
106,lstobo2x
107,jmuncey2y
108,bdudmesh2z
109,rsherrock30
110,fmadgwick31
111,eellwand32
112,obullimore33
113,vscamwell34
114,mtrillow35
115,rmckea36
116,smurr37
117,jgoldingay38
118,loconnel39
119,tcoghill3a
120,bkenderdine3b
121,sricciardo3c
122,kfilan3d
123,gjanca3e
124,jenrietto3f
125,twinward3g
126,narchanbault3h
127,fhuman3i
128,grallin3j
129,cmcveagh3k
130,dcattemull3l
131,hgomes3m
132,mfaustin3n
133,khaycraft3o
134,eschwandt3p
135,gbrownlea3q
136,tgirardez3r
137,vzimek3s
138,sphifer3t
139,ichurly3u
140,bgoldes3v
141,snorthen3w
142,dbindin3x
143,mmarklund3y
144,nmaypes3z
145,zibell40
146,sdickie41
147,ctollett42
148,vgoncaves43
149,imaes44
150,qhindenberger45
151,qwathey46
152,sokeevan47
153,gwilcott48
154,ashanley49
155,jpetr4a
156,hfeighney4b
157,mclemmow4c
158,rismead4d
159,gplanks4e
160,kdowe4f
161,fshickle4g
162,gtreneer4h
163,nocarran4i
164,folehane4j
165,sohogertie4k
166,rtakle4l
167,efashion4m
168,dpetry4n
169,plipsett4o
170,wdilnot4p
171,ahayton4q
172,bhazelby4r
173,vdiloway4s
174,ggowdridge4t
175,cmadelin4u
176,mboater4v
177,icolson4w
178,jbezarra4x
179,nraven4y
180,agrabb4z
181,rkeunemann50
182,pgrand51
183,lyesenin52
184,jmapledoram53
185,paharoni54
186,jloughren55
187,jdart56
188,vslogrove57
189,bhendriks58
190,adelacourt59
191,mdanett5a
192,mrosenblum5b
193,searles5c
194,mkilleley5d
195,sbigby5e
196,fbanbrick5f
197,fprugel5g
198,etyre5h
199,wjouhning5i
200,bvedishchev5j
201,gmcduffie5k
202,pkimble5l
203,bsuddaby5m
204,scroxton5n
205,nyoude5o
206,rgerrans5p
207,rbonniface5q
208,bpeinton5r
209,amorcombe5s
210,sstredwick5t
211,nbarkway5u
212,gfrankis5v
213,bolivari5w
214,fsellors5x
215,hkeeton5y
216,hbabe5z
217,pshilladay60
218,aaylmore61
219,gculbert62
220,ldigance63
221,nricardo64
222,lpucker65
223,dgaspar66
224,gshelsher67
225,fmacdougall68
226,uswann69
227,nhofler6a
228,hhammarberg6b
229,jmenchenton6c
230,nperrat6d
231,credholes6e
232,iwooldridge6f
233,nfollen6g
234,kcrichten6h
235,ekyston6i
236,salessandone6j
237,astandring6k
238,rhassen6l
239,jevemy6m
240,oegglestone6n
241,gjacmar6o
242,lgoede6p
243,mhurnell6q
244,jstrowthers6r
245,dwintringham6s
246,dalenov6t
247,edunley6u
248,rarchbutt6v
249,ncharker6w
250,rgodley6x
251,blabro6y
252,cdilon6z
253,wdeverille70
254,hmeasen71
255,ifairall72
256,bvaneschi73
257,gzukierman74
258,zjaye75
259,abaggarley76
260,ltant77
261,kszach78
262,drevens79
263,agobell7a
264,ichatelot7b
265,psutworth7c
266,gdonlon7d
267,scastanyer7e
268,sjacketts7f
269,jbarrowclough7g
270,pbaake7h
271,cbackman7i
272,mkittow7j
273,ubaalham7k
274,jgrushin7l
275,kgamon7m
276,abacup7n
277,jgowers7o
278,abreheny7p
279,lspary7q
280,cclac7r
281,lgillie7s
282,gcollington7t
283,bbourke7u
284,dwhale7v
285,xarnke7w
286,mmarcombe7x
287,dchowne7y
288,cpedri7z
289,lardley80
290,apymer81
291,hmathers82
292,vratt83
293,mpotteril84
294,amangam85
295,bgerriessen86
296,oscawn87
297,eoronan88
298,dcleary89
299,dleyes8a
300,cyakobovicz8b
301,hmacvain8c
302,rboath8d
303,lpfleger8e
304,ydybell8f
305,wgrigorian8g
306,llegrice8h
307,esudworth8i
308,tbishop8j
309,cmuffen8k
310,lfreed8l
311,apatey8m
312,mhorlick8n
313,abramsom8o
314,rsollam8p
315,amacmenamie8q
316,hharmeston8r
317,erookeby8s
318,jgianullo8t
319,nmcquilkin8u
320,zshipman8v
321,mgluyus8w
322,sstuffins8x
323,hsherborn8y
324,wharnott8z
325,yteague90
326,fgutherson91
327,msweynson92
328,mredmille93
329,rkubelka94
330,djacobovitz95
331,mboden96
332,lbound97
333,kkeary98
334,nmacmaster99
335,kboocock9a
336,vreihill9b
337,wbrushfield9c
338,htoulson9d
339,slangrish9e
340,ykearton9f
341,lber9g
342,crishbrook9h
343,oblaby9i
344,tstampe9j
345,syarrell9k
346,sgrishinov9l
347,snaptine9m
348,jbirchall9n
349,kbyway9o
350,lpieroni9p
351,dbletsor9q
352,ldrewry9r
353,mquantrill9s
354,kgraber9t
355,acinavas9u
356,gpol9v
357,mhoward9w
358,apusey9x
359,qdisney9y
360,dmacgovern9z
361,bnewlanda0
362,tbirdwhistella1
363,pseillera2
364,ocurryera3
365,tcosha4
366,hlyddyarda5
367,acasaccioa6
368,mbeynona7
369,ddaleya8
370,kdomelawa9
371,ucallicottaa
372,dbriandab
373,cramalhoac
374,cbartloszad
375,dfreethae
376,dhayseldenaf
377,malessandrucciag
378,nsawfootah
379,epappiai
380,bmitrovicaj
381,cdallasak
382,sdodameadal
383,tmatyushenkoam
384,ppiechnikan
385,wranbyao
386,cyieldingap
387,ijicklesaq
388,lbuttelar
389,btreebyas
390,kodochertyat
391,mvasilevichau
392,pbattesonav
393,eosemanaw
394,ggerrieax
395,astorrieray
396,etreswellaz
397,abisleyb0
398,wfattoreb1
399,rivanyutinb2
400,ibenkob3
401,acotgraveb4
402,fcarayolb5
403,koleksinskib6
404,smixhelb7
405,rlymbourneb8
406,hmaestrinib9
407,scolebyba
408,apenbarthybb
409,dbeadnallbc
410,oharriskinebd
411,hclewarthbe
412,nmackettrickbf
413,ljevonsbg
414,moldakerbh
415,ldanilchikbi
416,pgarfathbj
417,omeadowcroftbk
418,sbarwisbl
419,mbraddickbm
420,ptilfordbn
421,msackerbo
422,ljearybp
423,vharbinbq
424,glepopebr
425,wheddonbs
426,mhartroppbt
427,twarcupbu
428,adicarlobv
429,msaffrinbw
430,snorkerbx
431,dpettitby
432,osouttarbz
433,mstillerc0
434,toldlandc1
435,btiltc2
436,nmckinnc3
437,arolfc4
438,ghodgesc5
439,aoculliganc6
440,boshavlanc7
441,yubeec8
442,scremenc9
443,cbuxeyca
444,gkonigcb
445,fnorcockcc
446,cmatuskiewiczcd
447,gsimmancece
448,phundalcf
449,imetcalfecg
450,vdunfordch
451,ctukeci
452,rhousbeycj
453,hcocksonck
454,ciltchevcl
455,fdulycm
456,cdunphiecn
457,aclereco
458,pshowtecp
459,gkurdanicq
460,wdurlingcr
461,yfiermancs
462,blahiffct
463,lhurncu
464,afoddencv
465,apreciouscw
466,rjacsoncx
467,gmarzellecy
468,vcarinecz
469,semansond0
470,hcorckd1
471,lsurmeird2
472,dbachmannd3
473,lpettegred4
474,dmorld5
475,lrunnettd6
476,lbeckerlegd7
477,pbadderd8
478,nbuckled9
479,mpridgeonda
480,sfleardb
481,mcheakdc
482,aarbordd
483,blutzmannde
484,rcollerddf
485,gbosenworthdg
486,sdemitrisdh
487,jbiggadykedi
488,ebladesdj
489,everitydk
490,spadillodl
491,lwindibankdm
492,vleatedn
493,aklussdo
494,abravingtondp
495,cradbournedq
496,ctemporaldr
497,mheggds
498,pcanavandt
499,knuttingdu
500,emallalieudv
501,nmccrawdw
502,jcrossfelddx
503,craithdy
504,tgodlemandz
505,csconee0
506,darnee1
507,rbasticke2
508,mrosellinie3
509,rfaunche4
510,bgarnseye5
511,rgoodingse6
512,gwhottone7
513,gzanuttie8
514,egiacobellie9
515,bsalamanea
516,azanettieb
517,cvasilevichec
518,hebblesed
519,frivelee
520,fspiveyef
521,vgummaryeg
522,kpancosteh
523,lpinaei
524,ksperryej
525,wrawlsek
526,evickarmanel
527,vreisenbergem
528,aneateen
529,dshaleseo
530,oflayep
531,msambedgeeq
532,vraddenburyer
533,rpendletones
534,lsweetmoreet
535,aameseu
536,wrillettev
537,asheranew
538,tgeachex
539,gstolliey
540,fjakubiakez
541,imalthusf0
542,fdunbletonf1
543,ayelef2
544,jgeorgerf3
545,kisaacf4
546,sjeannardf5
547,tvelasquezf6
548,gjumpf7
549,kwartersf8
550,llarivef9
